Country Name,Country Code,Access to electricity (% of population),"Compulsory education, duration (years)","Employment to population ratio, 15+, total (%) (modeled ILO estimate)","GDP per capita, PPP (current international $)",Individuals using the Internet (% of population),"Industry (including construction), value added per worker (constant 2015 US$)","Inflation, GDP deflator (annual %)",Land area (sq. km),Merchandise exports by the reporting economy (current US$),Military expenditure (% of GDP),Net migration,Population ages 15-64 (% of total population),Proportion of seats held by women in national parliaments (%),Renewable energy consumption (% of total final energy consumption),Urban population (% of total population),"Vulnerable employment, total (% of total employment) (modeled ILO estimate)",happiness_score,social_support,healthy_life_expectancy_at_birth,freedom_to_make_life_choices,generosity,perceptions_of_corruption,positive_affect,negative_affect
Afghanistan,AFG,97.7,9.0,36.71,2561.9817605862195,17.0485,3446.507823997642,6.962946255256398,652230.0,776722236.0,1.35885692738929,143634.0,53.4051619316696,27.0161290322581,18.2,25.2622103446137,82.6906955888445,,,,,,,,
Angola,AGO,47.0,10.0,61.078,7827.428043258177,36.6347,43968.76124312383,16.063580652747206,1246700.0,20953250910.0,1.8104291683011704,7556.0,52.2548406993395,30.0,60.1,67.4568270208187,65.9410906429964,,,,,,,,
Albania,ALB,100.0,9.0,52.458,15342.324138000857,72.2377,13698.95096434194,0.0410649985799267,27400.0,2716267603.0,1.29583570269739,-16680.0,67.7110196944345,29.5081967213115,44.4,57.1408592155544,50.2974456373031,5365.0,0.71,69125.0,754.0,4.0,891.0,563.0,265.0
United Arab Emirates,ARE,100.0,12.0,75.398,66790.68226647544,100.0,91020.36766941908,-9.853852630917302,71020.0,171102951026.0,,92541.0,81.8563407363944,50.0,0.9,85.1955255681984,1.433453404771548,6458.0,827.0,66.15,942.0,0.05,,702.0,298.0
Argentina,ARG,100.0,14.0,49.602,22393.347957535338,85.5144,31054.235563893777,40.08308780119927,2736690.0,53712986617.9999,0.7341115939487439,292.0,64.5074745533578,40.8560311284047,9.8,91.9439026594897,24.066949793793697,5901.0,897.0,67.15,823.0,-129.0,816.0,679.0,342.0
Armenia,ARM,100.0,12.0,50.125,14706.317304342228,76.5077,15111.98603352627,1.806592701599328,28197.41,2532577783.0,4.98254372367497,-13046.0,67.4875319646095,23.4848484848485,8.4,65.174217253699,38.907623537019,,,,,,,,
Australia,AUS,100.0,11.0,60.87,54184.16144868537,94.6935,137936.4886720224,1.8658341221618853,7692020.0,246176615196.0,2.0073862210239097,44447.0,65.1015714818381,30.4635761589404,11.2,87.2713470458985,9.620774273453083,7137.0,937.0,70975.0,905.0,203.0,491.0,726.0,205.0
Austria,AUT,100.0,13.0,57.224,58523.03378162456,87.5294,92813.73780863546,2.5931325359937603,82520.0,169328672930.0,0.885811629497475,39601.0,66.4370522356064,39.344262295082,35.8,68.5410177924001,8.99178926481383,7213.0,925.0,71025.0,912.0,6.0,464.0,716.0,206.0
Azerbaijan,AZE,100.0,9.0,62.356,15163.570332728206,84.6,28592.08307629916,-7.493633458672548,82646.0,13740374400.0,5.24152602506817,1073.0,69.7266672756005,17.3553719008264,1.3,58.2934691761937,54.9686291288053,,,,,,,,
Burundi,BDI,9.1,,77.737,958.1355994900838,9.17302,3101.717855949149,15.849435140489092,25680.0,142689916.0,2.18591328366483,-10189.0,50.6081895938159,38.2113821138211,83.4,19.9309984273971,84.3286574301882,,,,,,,,
Belgium,BEL,100.0,12.0,50.422,56120.09584204656,91.5264,88043.30646657506,1.5961166757640086,30494.0,419966449975.0,1.0059279669322498,43777.0,63.9755896544114,41.3333333333333,12.3,87.2964994991269,12.007999742210345,6839.0,904.0,70.75,767.0,-0.17,634.0,619.0,0.26
Benin,BEN,41.0,6.0,73.645,3244.58772756805,22.1206,2393.520386419143,2.8780322885979075,112760.0,841435335.0,0.458762015150415,1729.0,54.3068570880759,7.2289156626506,46.2,49.4461567219896,82.1676930663402,4408.0,507.0,55.8,783.0,-83.0,532.0,557.0,305.0
Burkina Faso,BFA,18.5,10.0,71.738,2380.722827818022,10.7927,2942.815827595203,6.465595787880289,273600.0,4380865823.0,2.1142418147419,-5661.0,53.3844208698114,6.2992125984252,73.1,26.3578373628627,82.1006632824973,4.64,668.0,55275.0,0.75,123.0,809.0,605.0,388.0
Bangladesh,BGD,96.2,5.0,56.459,6640.584373310621,36.1091,6371.0593287951815,3.841063385880261,130170.0,27848829165.0,1.24468950875224,-1002522.0,64.9064095313604,20.9169054441261,27.2,31.1168927321524,57.40019520082274,5.28,739.0,64425.0,777.0,-23.0,742.0,485.0,332.0
Bulgaria,BGR,99.7,11.0,53.063,25764.54534715889,70.1625,12814.80060330984,4.3499123087898965,108560.0,31037631974.0,1.58561827051115,30167.0,63.8814581406739,26.6666666666667,21.1,73.3239898681641,6.48061532890651,5598.0,916.0,66.4,818.0,-0.01,901.0,642.0,221.0
Bahrain,BHR,100.0,9.0,68.004,53436.03169997117,99.671,48640.09033736991,-5.828848464125599,785.0,8085318708.0,4.05746865109248,-5048.0,76.8265235048484,15.0,0.0,100.0,1.145058954878414,6173.0,848.0,65825.0,945.0,117.0,,0.73,297.0
Bosnia and Herzegovina,BIH,100.0,9.0,39.936,15419.84030747297,73.2118,10399.943243450038,0.0621485134519161,51200.0,6143964492.99999,0.827298283159884,-26840.0,66.193927015007,26.1904761904762,37.7,49.9710852122997,19.82160119904225,5516.0,899.0,67.25,0.74,135.0,916.0,602.0,325.0
Belarus,BLR,100.0,9.0,61.437,24872.306674452844,85.0879,13417.00734842619,11.877465046264303,202980.0,28199260000.0,1.40325859867166,-33954.0,67.2194165637181,40.0,8.4,77.7890385790408,6.90679247349712,,,,,,,,
Belize,BLZ,96.8,8.0,48.795,9638.89513695889,64.4359,15306.887957034212,-0.5777830253897491,22810.0,211603975.0,1.26623781790202,64.0,66.6198410231019,9.67741935483871,31.4,42.649842440311,30.71794682694794,,,,,,,,
Bolivia,BOL,97.2,14.0,66.553,9580.98962081658,59.9401,6703.558194956683,-1.1750382239071229,1083300.0,6974049516.0,1.39204744468967,-4663.0,63.326175000896,46.1538461538462,16.9,70.0442635528254,66.60400770342079,5559.0,805.0,63.45,877.0,-53.0,868.0,729.0,382.0
Brazil,BRA,99.7,14.0,52.195,16101.618306295422,81.3427,18395.956320379864,6.472499623112739,8358140.0,211155353473.0,1.32666026860555,-78437.0,69.6446402012395,14.6198830409357,50.0,86.9112186503004,27.93960773713736,6.11,831.0,65575.0,786.0,-58.0,729.0,653.0,389.0
Bhutan,BTN,100.0,,64.415,12475.04800342798,76.8508,13346.43623123984,5.2873743134946665,38140.0,447940533.0,,287.0,70.6085407126698,14.8936170212766,83.9,39.6888839873439,70.5357213333439,,,,,,,,
Botswana,BWA,71.8,,48.415,15292.262467325198,69.523,39279.31924143959,4.378866816972078,566730.0,3641042877.0,3.33478768726661,-11330.0,63.2353062384254,10.7692307692308,27.7,66.4488166494554,26.607646367221232,,,,,,,,
Central African Republic,CAF,15.4,10.0,67.986,1066.2900542315083,,1782.442505684582,1.982160556277848,622980.0,41146218.0,1.8589727247233,-24745.0,48.887967352272,8.57142857142857,90.9,42.3050785933463,80.3531262833705,,,,,,,,
Canada,CAN,100.0,10.0,57.907,48590.6832121939,92.3,104938.0025123362,1.0708102610562236,8965590.0,390051692257.0,1.39399340787119,256592.0,66.1382867429556,28.9940828402367,23.9,81.9509888710566,11.028373130920254,7025.0,931.0,71.35,887.0,45.0,434.0,738.0,307.0
Switzerland,CHE,100.0,11.0,64.709,72997.82395032821,94.3499,191815.5863489013,-0.6991877104322413,39509.63,313892896697.0,0.772558973227674,55523.0,66.1965690619318,41.5,26.4,82.3416838515457,9.30594102223025,7508.0,946.0,72.7,917.0,-72.0,0.28,0.73,193.0
Chile,CHL,100.0,12.0,50.196,25350.86350829717,87.4593,38738.17941552709,9.66572269693961,742831.64,73146421768.0,2.06553058219768,26042.0,68.9603700944275,22.5806451612903,26.7,88.2953490438375,21.74529569587498,6151.0,888.0,70.15,781.0,28.0,812.0,753.0,336.0
China,CHN,100.0,9.0,62.435,18267.47834558274,70.0528,25457.98087696476,0.53000081660457,9388210.0,2597841347030.0,1.75669947098837,-91577.0,69.3999249325134,24.9411764705882,14.9,63.5234230266258,35.39974298160786,5771.0,808.0,68625.0,891.0,-106.0,,663.0,245.0
Cote d'Ivoire,CIV,69.9,10.0,63.214,5543.850963189389,36.0166,11064.040109139414,1.82838309372076,318000.0,12364623057.0,0.963119470642636,-12390.0,55.3233038967629,11.3725490196078,61.8,51.8357660823651,71.4382740457868,5257.0,613.0,55375.0,0.77,15.0,777.0,655.0,0.34
Cameroon,CMR,64.3,6.0,63.358,4365.447041283924,41.2264,6815.870962783748,0.7055720376217209,472710.0,3154509048.0,0.96440732254506,-9888.0,54.6793776767362,33.8888888888889,78.9,54.2557949164174,69.70202864259474,5241.0,0.72,55175.0,675.0,45.0,837.0,626.0,386.0
"Congo, Dem. Rep.",COD,20.1,6.0,60.043,1088.7890035636976,21.6422,7877.308278734358,11.111044660918296,2267050.0,13713716838.0,0.729735329108429,-1633.0,50.8613314066326,12.8,96.2,43.2528602500115,83.0786328052548,,,,,,,,
"Congo, Rep.",COG,48.7,10.0,50.469,4770.964497583653,24.8206,14393.908135486772,-13.99956789500088,341500.0,4893310270.0,2.60118726630221,-4472.0,55.4746344404511,11.2582781456954,71.4,63.5760904494257,76.8075559992808,5079.0,597.0,56525.0,761.0,-21.0,728.0,572.0,435.0
Colombia,COL,99.7,12.0,53.279,15519.210169465632,69.7953,17146.66314959875,1.4817246203755303,1109500.0,30423552290.0,3.53440413219336,227130.0,69.8711687670931,18.3431952662722,32.0,77.6382533537045,44.3625992423816,5709.0,797.0,69175.0,0.84,-88.0,808.0,759.0,0.34
Comoros,COM,85.6,6.0,51.082,3244.886749684695,22.4204,2097.9221320004526,0.7529408150187606,1861.0,20484951.0,,-1766.0,57.2645102899845,16.6666666666667,50.8,32.0638072194881,57.6831543825804,,,,,,,,
Costa Rica,CRI,99.9,13.0,50.666,22099.867812739423,80.5302,33796.352841236825,0.7725932470622183,51060.0,11609653610.0,,1029.0,68.778633459931,45.6140350877193,36.4,77.5211537281257,25.7975182166931,6338.0,834.0,70.0,889.0,-136.0,772.0,759.0,0.35
Cuba,CUB,99.9,9.0,51.379,,71.1191,22035.162163533765,16.556639570215467,103800.0,1701728738.0,,-11976.0,68.5249769289699,53.2231404958678,24.5,77.1080322265625,21.05842732711163,,,,,,,,
Cyprus,CYP,100.0,10.0,60.636,40098.43359375,90.8019,23814.246548673927,-1.2079243522224343,9240.0,2848342386.0,1.89553437845021,9653.0,70.4395285842361,19.6428571428571,15.0,66.7180443478713,11.981425174854689,6.26,806.0,72.6,763.0,-84.0,816.0,671.0,284.0
Czechia,CZE,100.0,10.0,57.944,44839.48220994547,81.3389,33147.69908236734,4.51623223406736,77198.53,191860783646.0,1.2954063247749998,4336.0,63.7032085719896,22.5,17.0,72.7254901604208,14.026541727151942,6897.0,964.0,68925.0,906.0,-133.0,884.0,748.0,0.29
Germany,DEU,100.0,13.0,58.131,58685.87269977104,89.8129,78310.06670290128,1.757452901664564,349390.0,1379715688912.0,1.35598993512329,203468.0,64.3935455490144,31.1706629055007,18.5,81.4700055002738,5.045904679901378,7312.0,905.0,71.1,864.0,-66.0,424.0,698.0,206.0
Djibouti,DJI,64.5,10.0,22.821,5527.001852298884,59.9257,46323.4751382536,0.5807195480701353,23180.0,4341931726.0,,1300.0,64.5163698319336,26.1538461538462,27.5,71.9990170519895,31.26785170370624,,,,,,,,
Denmark,DNK,100.0,10.0,58.637,62682.289947438905,96.5491,119196.87036013365,2.826921685352474,40000.0,107682492099.0,1.37376885314973,10851.0,63.6927358686314,39.6648044692737,39.5,88.2394485473632,6.225786849850606,7515.0,947.0,71125.0,938.0,47.0,214.0,753.0,227.0
Dominican Republic,DOM,100.0,15.0,56.667,18998.306966731503,81.6173,25307.236215707737,5.454673373424484,48198.02,9824937726.0,0.746231922011371,-17957.0,65.5074489249021,27.8947368421053,16.0,73.2643793773663,40.13021406561069,5168.0,806.0,64.2,835.0,-126.0,636.0,724.0,314.0
Algeria,DZA,99.7,10.0,32.686,12676.5130564294,63.4727,20144.85469224008,-4.711383917141305,2381740.0,21924221200.0,5.886148221109011,-10798.0,63.2634495033399,25.7575757575758,0.1,73.0541126293395,26.73237123550133,5438.0,868.0,66.5,574.0,-121.0,724.0,524.0,311.0
Ecuador,ECU,98.9,15.0,56.361,11526.801300927762,70.7,20358.78975143743,-1.825956531876173,248360.0,20305016901.0,2.45792351121034,-10320.0,66.0443856227703,39.4160583941606,20.2,63.0773897782521,52.0343211366706,5354.0,804.0,68.75,829.0,-0.16,855.0,755.0,416.0
"Egypt, Arab Rep.",EGY,100.0,12.0,38.297,15231.865417764044,71.9142,17798.150813760953,6.176934098479634,995450.0,26639050649.0,1.12247550332399,6016.0,61.8346774314352,27.4111675126904,6.7,42.5181534630674,18.45838192987456,4472.0,673.0,63.25,0.77,-112.0,,543.0,442.0
Spain,ESP,100.0,10.0,47.641,39327.84792695986,93.2056,58660.05326792121,1.1339145416404222,499556.645,301788542423.0,1.35429599703865,236854.0,66.2408766587242,44.0,19.3,79.6955674617799,11.576762337931749,6502.0,935.0,72225.0,783.0,-125.0,0.73,671.0,317.0
Estonia,EST,100.0,9.0,58.654,40672.13404021316,89.0583,32618.85629917986,0.7533384567180832,42750.0,16032180912.0,2.2613642833291903,3694.0,63.3615345768253,28.7128712871287,40.4,69.8815778947665,7.33037798124594,6453.0,958.0,69425.0,954.0,-88.0,398.0,762.0,188.0
Ethiopia,ETH,51.1,8.0,66.617,2406.789384786689,16.0696,6732.338658215767,18.254572677522177,1128571.4,2532415070.0,0.7807548382609669,38866.0,56.4801956284521,38.7568555758684,90.7,21.6260051727295,85.7358454393711,4549.0,823.0,60.3,769.0,186.0,784.0,615.0,252.0
Finland,FIN,100.0,10.0,54.282,53296.57927988517,92.1703,109399.82673471158,1.6384159686061397,303940.0,65974312041.9999,1.43578115547809,17504.0,61.8489868728584,46.0,47.3,73.0849439791673,10.284426986513376,7889.0,962.0,71075.0,962.0,-121.0,164.0,748.0,193.0
France,FRA,100.0,13.0,49.925,49481.80443096545,84.7064,72294.38777067067,2.9779786817469613,538950.0,486179621948.0,2.02167455284232,145593.0,61.8134010588151,39.5147313691508,16.8,78.7119131765249,8.19962482332996,6714.0,947.0,72.2,823.0,-174.0,565.0,0.69,231.0
Gabon,GAB,91.1,10.0,37.692,14477.13082917444,63.9179,72076.78182376752,-9.009868561660994,257670.0,7341817965.0,1.71695248466736,1506.0,59.1889307348553,14.7887323943662,91.3,90.3480750410147,30.53700375696523,4887.0,701.0,57925.0,528.0,-192.0,789.0,568.0,416.0
United Kingdom,GBR,100.0,11.0,59.775,48230.04770274613,94.8182,95775.5178731709,4.842340857209692,241930.0,402689210420.0,2.16304030547387,144221.0,63.4278786786019,33.8461538461538,13.6,82.9000015258789,12.494973728952964,6798.0,929.0,70.2,885.0,197.0,0.49,717.0,225.0
Georgia,GEO,100.0,9.0,55.96,16791.259865446496,72.5316,15849.889881458235,6.847933387699044,69490.0,3340474777.0,1.78655575876457,-2738.0,64.1121823294811,20.6666666666667,23.4,58.9990552763878,47.759441763006805,5123.0,718.0,64825.0,764.0,-223.0,583.0,573.0,295.0
Ghana,GHA,85.4,11.0,59.656,6047.301116735542,62.5176,11708.986098667649,9.365574965837382,227530.0,14831458504.0,0.3509492337728079,-291.0,59.306835725214,13.0909090909091,40.0,56.2171613974837,63.08030754624125,5319.0,643.0,58375.0,824.0,199.0,847.0,675.0,253.0
Guinea,GIN,44.7,6.0,49.23,3331.856630038006,23.4499,7774.55579419492,4.249980167320032,245720.0,4974754305.0,1.4696382905297198,-4365.0,54.4109522695187,16.6666666666667,65.8,36.4802208060551,80.73037875137689,4972.0,732.0,53.75,598.0,78.0,0.79,706.0,346.0
"Gambia, The",GMB,62.2,9.0,44.891,2530.804149373073,34.2172,2988.0434150952897,2.1887589585654723,10120.0,28957226.0,0.8165697617339641,-1949.0,55.1896892099263,8.62068965517241,49.8,62.2069251698555,67.6333307360061,,,,,,,,
Greece,GRC,100.0,10.0,42.097,29533.08774029898,78.1158,49880.09652135964,-0.363959702932064,128900.0,35174116023.0,3.02310765728834,6353.0,63.4362736718399,21.6666666666667,20.1,78.3066842455552,24.16897469306291,5788.0,779.0,71025.0,565.0,-244.0,764.0,629.0,322.0
Guatemala,GTM,96.6,16.0,57.018,10947.37112921973,47.5123,11649.824819430452,2.8723079204157216,107160.0,11464780298.0,0.440993296513657,-23927.0,61.6502064214905,19.375,65.5,54.5483167911628,38.2561749030253,,,,,,,,
Guyana,GUY,92.3,6.0,42.974,16819.422871469465,62.954,61411.60740744761,-26.29609907454234,211140.0,2564877057.0,1.40257741131547,-1743.0,64.5321285998503,35.7142857142857,12.0,26.4340397353676,29.417412656841783,,,,,,,,
"Hong Kong SAR, China",HKG,100.0,9.0,55.55,58187.476407253474,92.4131,38363.56706392542,0.6383324796373131,1050.0,552516144171.0,,-1800.0,69.8975753165571,,0.3,100.0,6.036544980990708,5295.0,813.0,,705.0,-74.0,0.38,522.0,0.21
Honduras,HND,93.1,12.0,52.961,5384.6983198303815,45.2483,6133.408523051176,3.401982283487044,111890.0,4239784003.0,1.4667972724004,-6199.0,63.825483721482,21.09375,50.2,56.8691654042685,35.38393139386547,,,,,,,,
Croatia,HRV,100.0,8.0,47.204,29760.34590455968,78.3209,25462.14939339279,0.7977814709134776,55960.0,17176895871.0,1.69659501985338,-8552.0,63.8820518579105,31.1258278145695,32.4,56.5284863367411,8.844637483285684,6508.0,923.0,68775.0,837.0,-69.0,961.0,681.0,286.0
Haiti,HTI,46.3,6.0,55.046,3103.180663124616,,8968.941732416934,18.685186128342693,27560.0,953909188.0,0.1030941790989549,-33850.0,62.9647963935478,,76.3,52.6307476732151,76.6037161425185,,,,,,,,
Hungary,HUN,100.0,13.0,55.963,35583.58556756367,84.7712,23691.808039100568,6.426613644130839,91260.0,120646783752.0,1.74628152413286,9147.0,65.3516634491369,12.0603015075377,14.8,70.2917327880859,8.503702400768793,6038.0,943.0,67.35,771.0,-125.0,836.0,662.0,0.24
Indonesia,IDN,97.0,9.0,64.533,11729.36744584478,53.7265,13785.488119052314,-0.4016514352189944,1877519.0,163187942812.0,0.886277728854897,-18743.0,67.5576712934403,20.3478260869565,21.9,56.2785287648768,50.3136526573599,4828.0,751.0,62925.0,853.0,532.0,914.0,742.0,351.0
India,IND,96.5,8.0,47.496,6966.275427859109,43.4054,5831.148699113159,4.814857918934052,2973190.0,275082219519.0,2.80361581112679,-73806.0,67.2377729174314,14.3646408839779,36.1,34.1286726088333,75.0761774925483,4224.0,616.0,60.6,906.0,71.0,0.78,686.0,383.0
Ireland,IRL,100.0,10.0,57.655,97799.9225748607,91.9999,372599.3873596232,-2.064191003079685,68890.0,178501795157.0,0.262684777602834,15746.0,65.3365964179592,22.5,13.7,63.4713366724915,10.765264755229303,7035.0,0.96,71.2,882.0,2.0,356.0,753.0,246.0
"Iran, Islamic Rep.",IRN,100.0,9.0,37.352,15119.305885996357,75.5699,18101.42969503765,46.576790352011216,1622500.0,13555352119.0,2.17701027609522,-180680.0,68.9964842123217,5.59440559440559,0.9,75.5986404418945,40.591541176654815,4865.0,757.0,66.45,0.6,133.0,0.71,505.0,0.47
Iraq,IRQ,100.0,6.0,33.952,10573.930475071484,53.6778,33853.72478527267,-11.220196387429368,434130.0,59754016565.0,3.11217889939661,29858.0,58.1449271391287,26.4437689969605,1.1,69.8683166503906,27.181327210764408,4785.0,708.0,63175.0,0.7,-19.0,849.0,585.0,532.0
Iceland,ISL,100.0,10.0,69.526,55796.745466763234,99.5328,104528.288081025,4.341119956686029,100830.0,4522189887.0,,2498.0,66.7078998619802,38.0952380952381,82.9,94.1367102874722,11.143346769327328,7575.0,983.0,72025.0,949.0,153.0,644.0,808.0,172.0
Israel,ISR,100.0,15.0,60.763,40955.28561791523,90.1273,111817.15137134894,1.0571068213242114,21640.0,44420200000.0,5.27626408809404,16573.0,59.9126673678488,27.5,5.6,91.5788453228939,8.239453364048474,7195.0,959.0,72.55,831.0,-57.0,748.0,564.0,243.0
Italy,ITA,100.0,12.0,43.785,44435.64343935265,70.4834,59752.99705885984,1.5774027879677135,295717.0,493078613201.0,1.72984958969454,85281.0,63.7947913907968,35.7142857142857,18.7,69.5187492370606,15.73525303226756,6488.0,0.89,71975.0,718.0,-155.0,844.0,614.0,311.0
Jamaica,JAM,99.7,6.0,60.619,9764.352587978405,76.384,12091.832678219009,2.631000510263817,10830.0,1227088776.0,1.70647069948671,0.0,72.2937367238732,28.5714285714286,11.7,57.1103647563627,34.69242671350308,5425.0,0.87,66.6,865.0,-0.15,836.0,712.0,266.0
Jordan,JOR,99.9,10.0,32.272,9579.20081317696,78.4178,25045.75785403889,-0.7085879702795239,88794.0,6725874788.0,4.70457117239125,6745.0,63.259407131604,11.5384615384615,10.7,91.8216722992319,8.42159752885731,4094.0,709.0,67.6,779.0,-151.0,,,
Japan,JPN,100.0,9.0,60.207,42425.69467896506,90.2195,80490.23178043409,0.9339121868585494,364500.0,638070196071.0,1.01676127140466,42001.0,58.861072796091,9.89247311827957,8.5,91.7809926267889,8.10915824404449,6118.0,887.0,74225.0,806.0,-264.0,609.0,681.0,186.0
Kazakhstan,KAZ,100.0,9.0,65.816,29039.82296245091,85.9426,38445.2475738794,4.210858292589066,2699700.0,41874386710.0,0.9071886761927228,-8716.0,63.1406766523371,27.1028037383178,1.8,59.9871193541692,25.22488429406987,6168.0,966.0,65.4,872.0,-0.06,661.0,0.62,0.15
Kenya,KEN,71.5,12.0,63.316,4792.573158471824,,6865.708514222387,4.948852832913573,580876.3,5898936547.0,1.10843419595019,-17111.0,57.9266087955257,21.7765042979943,69.0,31.2063494632616,63.0648966221714,4547.0,674.0,58.1,702.0,254.0,837.0,738.0,297.0
Kyrgyz Republic,KGZ,99.9,10.0,53.903,5178.561967040402,72.0,3182.019025447785,5.340185535087286,191800.0,1964357929.0,3.10718371407588,54704.0,61.9762836597283,16.5217391304348,30.0,34.8174315392111,32.31064702993952,6.25,902.0,66325.0,935.0,104.0,931.0,672.0,258.0
Cambodia,KHM,86.4,,82.097,5942.453803739287,53.6508,5213.498532531123,-0.8242814028325114,176520.0,17548956975.0,1.78010501633067,0.0,63.483461320243,20.0,51.4,39.832658030922,53.7591195524134,4377.0,724.0,61.7,963.0,0.05,863.0,771.0,0.39
"Korea, Rep.",KOR,100.0,9.0,59.826,47881.492134419335,96.5051,87843.65537903528,1.5871895751154597,97600.0,512511544000.0,2.64297706902012,112631.0,72.0631744683847,19.0,3.6,81.1759595622913,19.3280514310827,5793.0,808.0,73375.0,711.0,-111.0,665.0,0.55,247.0
Kuwait,KWT,100.0,9.0,66.785,41461.7235642777,99.1059,104041.7784239294,-16.458778770384697,17820.0,4157837002.0,6.472172835420211,-168379.0,75.3845896861557,6.34920634920635,0.1,100.0,2.124630469226915,,,,,,,,
Lao PDR,LAO,99.3,9.0,61.434,7913.386606502759,54.0,27452.76807851132,5.034504125445167,230800.0,5085652417.0,,-10305.0,64.1514210955985,27.5167785234899,50.6,36.6185033569111,77.8490784865733,5284.0,0.66,60.8,915.0,139.0,748.0,714.0,358.0
Lebanon,LBN,100.0,10.0,41.16,16259.705131228053,82.0665,16602.15313168895,85.54204234002057,10230.0,4030848409.0,3.02665836499332,-47787.0,62.9297413938611,4.6875,6.3,89.729499798117,20.12170243866097,2634.0,547.0,66075.0,552.0,-136.0,884.0,352.0,482.0
Liberia,LBR,27.6,6.0,72.972,1659.52109145991,19.4126,3025.897540557547,-1.3806018898062715,96320.0,401420137.0,0.4247942048073759,-10107.0,55.4018879830879,12.3287671232877,93.0,53.3878685572381,78.30636766789404,,,,,,,,
Libya,LBY,69.4,9.0,36.174,10954.79904526496,87.5754,58183.07791213335,-4.7541238168380175,1759540.0,8443452109.0,,-694.0,65.8907323772578,15.9574468085106,3.2,87.8278267096263,23.1740550354812,,,,,,,,
Sri Lanka,LKA,100.0,11.0,47.786,12940.904329574932,36.1847,12678.821740056168,3.1043053536495364,61860.0,9871373823.000011,1.73988733298184,-29875.0,65.9468366164111,5.38116591928251,49.3,19.6621898312161,40.01194628792148,4778.0,842.0,67.1,803.0,-48.0,768.0,758.0,285.0
Lesotho,LSO,47.5,7.0,46.608,2559.0977607784566,43.6575,3010.188507702054,6.548204187862709,30360.0,903127045.0,1.88146803172144,-3449.0,60.3689225851194,23.3333333333333,43.2,39.6329305425532,33.25315874419066,,,,,,,,
Lithuania,LTU,100.0,11.0,57.34,41262.72769417246,83.0555,38197.7136737564,2.038744185962443,62620.0,32711896426.0,2.04915558023028,19884.0,64.9504098074069,26.9503546099291,31.7,67.4254608154297,10.74664881425238,6391.0,953.0,67.05,824.0,-127.0,829.0,626.0,202.0
Luxembourg,LUX,100.0,12.0,56.036,122066.73914720172,98.4596,243181.9556934909,3.869063268895332,2574.46,13770178834.0,0.578077082223964,6967.0,69.440387442376,30.0,20.8,93.8600689970981,6.538908441809951,,,,,,,,
Latvia,LVA,100.0,11.0,56.58,32741.420769198656,88.898,28442.132346635302,2.393326939042624,62230.0,16304451770.0,2.22759521686375,-3147.0,63.329999339864,30.0,43.8,68.1211222872228,8.846897476789318,6229.0,928.0,66.3,0.82,-84.0,809.0,674.0,202.0
Morocco,MAR,100.0,9.0,39.556,7704.84912109375,84.1204,12704.926664433351,0.1424179620790937,446300.0,27605603387.0,3.9796976425559896,-35474.0,66.0303401948732,20.5063291139241,11.1,62.0933436005366,36.90630634400015,4803.0,553.0,63.8,819.0,-235.0,803.0,548.0,256.0
Moldova,MDA,100.0,13.0,68.839,13527.441313096731,58.2153,11352.250366176551,5.575009400965072,32884.6,2462739564.0,0.385463275729941,-33405.0,65.7164519859204,24.7524752475248,22.3,41.3368530273438,59.12712756296979,5812.0,874.0,64.9,859.0,-58.0,941.0,698.0,268.0
Madagascar,MDG,32.0,5.0,81.804,1490.3231283786608,11.3547,1564.7949916926268,4.311145135834877,581800.0,1948315836.0,0.673153896375499,-1480.0,56.4572904886486,17.8807947019868,84.7,30.7019474167548,85.5948004297467,,,,,,,,
Maldives,MDV,100.0,7.0,55.144,13425.367445960112,79.0978,12059.469420271458,-3.36532461650745,300.0,162799165.0,,9642.0,74.8871033431351,4.59770114942529,1.6,40.3985147902839,18.32860241483201,,,,,,,,
Mexico,MEX,99.4,14.0,53.921,19354.12487062439,71.4902,27428.28640830296,4.619790132926639,1943950.0,416493980000.0,0.717690608258695,-147456.0,66.5296254239814,48.2,12.3,78.677960602824,25.60615846651312,5964.0,779.0,65.8,873.0,-125.0,778.0,745.0,292.0
North Macedonia,MKD,100.0,13.0,43.47,18803.58356823147,81.4055,11126.927539795968,1.37428071825137,25220.0,6633253575.0,1.24058656980426,-23458.0,66.4419445244978,39.1666666666667,20.0,61.1593302746435,13.77379187094687,5054.0,0.75,66.3,787.0,0.13,877.0,542.0,365.0
Mali,MLI,50.6,9.0,63.591,2723.7009478444147,29.113,6445.136051568346,0.4733135779191286,1220190.0,4821846588.0,3.3995582142549803,-14962.0,50.1900573945124,27.891156462585,72.8,29.0205972994693,84.98949427918,4269.0,568.0,55.0,645.0,-65.0,895.0,648.0,0.44
Malta,MLT,100.0,11.0,58.493,47071.615682099466,86.8588,33663.40410038416,1.9360635883421509,320.0,2783419451.0,0.527674290511624,6904.0,68.1674197448314,13.4328358208955,9.2,95.1841082280263,10.584276420721638,6157.0,938.0,71.55,931.0,-3.0,675.0,576.0,411.0
Myanmar,MMR,70.4,5.0,59.263,5740.990458439917,45.4477,6335.053788357898,5.344110008065854,652670.0,16294074508.0,3.12332883859715,-66213.0,68.3464361199178,16.8253968253968,59.2,30.1593049968842,63.2020972622548,4431.0,796.0,61225.0,825.0,471.0,647.0,0.7,289.0
Montenegro,MNE,99.9,9.0,41.367,19427.737408464665,77.6088,18250.46744667494,-0.460545438758615,13450.0,411203419.0,1.73802726045562,-3310.0,64.9212498046666,22.2222222222222,39.6,65.2490688418027,18.04872341151639,5722.0,887.0,67.1,802.0,63.0,845.0,0.56,411.0
Mongolia,MNG,99.5,12.0,59.364,13693.179806942995,62.5,14759.363899325772,3.706721769557049,1557506.803,7576310853.0,0.709909468541962,0.0,62.9278480776094,17.3333333333333,2.9,68.0894771770775,42.56775121912223,6011.0,918.0,60.4,718.0,0.14,843.0,575.0,0.26
Mozambique,MOZ,30.6,,74.227,1411.6204022991124,14.2874,4033.6441788009233,3.17166106815796,786380.0,3697446899.0,2.02272611905463,-25864.0,52.004506412617,42.4,80.2,33.9044006416285,84.3719798374396,,,,,,,,
Mauritania,MRT,45.4,9.0,36.067,5740.73959690129,27.4262,10581.846665878698,6.440873289818299,1030700.0,2828781769.0,2.38926918122421,-1483.0,52.9241015092831,20.2614379084967,20.9,56.9836701058893,54.73074088496833,,,,,,,,
Mauritius,MUS,99.5,11.0,50.908,21621.597122515755,67.7329,16232.634099239302,2.5104136878042738,1997.0,1671393014.0,0.161615351006251,-5895.0,72.2441851494245,20.0,9.4,39.1607039074325,17.96044456400992,6015.0,893.0,63875.0,843.0,-36.0,772.0,0.7,138.0
Malawi,MWI,11.5,8.0,64.36,1513.4599080334444,13.8995,3837.807854294466,6.2182971195830845,94280.0,729497634.999999,0.834281207531417,-2655.0,54.174280465166,22.9166666666667,71.5,16.2961471756409,60.651322061903706,,,,,,,,
Malaysia,MYS,100.0,6.0,62.501,27474.736137823624,89.555,29894.668442528386,-0.818007729183023,328550.0,233919135294.0,0.999653920235799,101907.0,69.314063209174,14.8648648648649,7.0,75.0511895575672,22.547926847652548,6014.0,797.0,65675.0,878.0,98.0,747.0,721.0,288.0
Namibia,NAM,52.3,7.0,44.224,9354.13136713077,57.8608,21493.824417706408,4.6315306146880175,823290.0,3903190912.0,3.48015259214476,27056.0,59.2853021416492,43.2692307692308,31.2,48.547381745659,31.43240567536317,4451.0,741.0,56475.0,666.0,-107.0,0.81,652.0,248.0
Niger,NER,18.7,,73.707,1496.8335002302204,17.0375,3543.797107528525,1.1629797417771215,1266700.0,706882652.0000011,1.73360752172491,-4402.0,49.4543791262978,16.9590643274854,81.9,17.0081420003794,85.4349535890963,,,,,,,,
Nigeria,NGA,55.4,9.0,74.782,7414.774955404803,31.8888,5628.619734089871,11.252484243854385,910770.0,35515872965.0,0.632022913474166,-14497.0,54.1929528639579,7.22222222222222,81.8,59.7659654848781,67.9560091981761,5503.0,739.0,54725.0,713.0,97.0,913.0,737.0,316.0
Nicaragua,NIC,86.0,7.0,60.386,6274.094567413876,42.2037,6843.998193983056,6.285339911286144,120340.0,2744896695.0,0.629971870953776,-10383.0,64.4168622540409,47.2527472527472,52.2,58.7045922689128,40.27163592781032,6287.0,856.0,65575.0,818.0,0.04,631.0,775.0,316.0
Netherlands,NLD,100.0,13.0,64.002,62596.630202752414,91.3333,102154.0347147299,2.355730223062608,33670.0,664729109479.0,1.40607718904592,67598.0,65.0100463629003,33.3333333333333,10.7,94.2532277765935,12.935568827321053,7504.0,944.0,71475.0,935.0,147.0,281.0,691.0,247.0
Norway,NOR,100.0,10.0,62.772,67110.60457055019,94.6076,234930.97415739187,-2.5172606025626862,364285.0,84907538698.0,1.96598369239436,11277.0,65.0607837656888,41.4201183431953,60.9,82.7029885700532,4.431540506286998,7.29,956.0,71.45,965.0,69.0,271.0,777.0,216.0
Nepal,NPL,89.9,9.0,34.253,4235.574623269048,38.8576,1952.096110482543,3.2174023324111403,143350.0,855158179.0,1.32338446484361,162139.0,63.8354856215394,32.7272727272727,73.1,66.1050886088505,78.534600878618,5982.0,787.0,61575.0,772.0,138.0,812.0,0.48,337.0
New Zealand,NZL,100.0,10.0,66.653,45513.312376834336,95.2342,75381.36880631259,1.9174460359337784,263310.0,38037247421.0,1.3399501211388,42124.0,65.3602688024111,48.3333333333333,28.7,83.8138977095908,13.830299996163058,7257.0,952.0,70275.0,918.0,118.0,283.0,796.0,209.0
Oman,OMN,100.0,10.0,64.018,35163.32817814155,95.2323,58487.789935437766,-10.78356059772959,309500.0,13600150690.0,8.03024250539625,-171635.0,71.8368051805015,2.32558139534884,0.1,80.0176378922722,4.09999749454135,,,,,,,,
Pakistan,PAK,94.5,12.0,48.495,5048.021306296299,18.9348,3835.833247166015,9.944498210572904,770880.0,22215652881.0,3.48667909020303,-559291.0,58.1175150077395,20.1754385964912,42.7,37.5080192948099,57.5946787435974,4624.0,594.0,57175.0,767.0,6.0,833.0,0.47,376.0
Panama,PAN,95.3,11.0,56.664,27017.003379090605,70.0097,38789.46793273595,-0.494685734118832,74180.0,1680663789.0,,5473.0,65.316702152513,22.5352112676056,28.5,65.7862999591993,38.200116376600064,,,,,,,,
Peru,PER,96.2,14.0,63.976,12563.303806089298,65.2518,22403.57565625492,3.719171196695044,1280000.0,38629845354.0,1.31677830419866,55375.0,65.7782365403473,26.1538461538462,31.6,83.5267437189637,53.1628698946316,4994.0,749.0,69675.0,806.0,-91.0,912.0,736.0,481.0
Philippines,PHL,96.4,13.0,53.365,8238.368020374568,53.7649,13706.500859021937,1.65049018681367,298170.0,63548422768.0,1.2972400391072498,-47014.0,64.592028512455,27.9605263157895,29.1,54.1077719895977,33.97482443376705,5.08,781.0,62025.0,932.0,-111.0,744.0,793.0,327.0
Poland,POL,100.0,9.0,55.586,37089.300425681184,83.1849,29237.106190757106,4.238594348567773,306130.0,272720743607.0,2.2630537189540503,3920.0,66.4351589630372,28.695652173913,16.1,59.8738141138092,20.591986987821304,6139.0,953.0,68875.0,767.0,-12.0,787.0,677.0,329.0
Portugal,PRT,100.0,12.0,53.643,35966.71279656101,78.2617,35208.88261192229,2.1031429009744187,91605.6,60811612049.0,1.42613611053982,54076.0,63.7995986507522,40.0,31.3,61.1042566768691,11.100597027990007,5768.0,875.0,71125.0,913.0,-242.0,867.0,614.0,383.0
Paraguay,PRY,99.7,13.0,64.824,14308.878773830456,73.9575,23816.630073315937,2.2039214677246832,397300.0,8239240830.999999,1.02757342677333,-8226.0,64.7156887396906,16.25,61.5,66.116520986009,40.72295137735164,5501.0,907.0,65.85,865.0,56.0,829.0,767.0,269.0
West Bank and Gaza,PSE,100.0,10.0,30.336,5956.2862006481855,76.01,9538.712911324305,2.220901833390585,6020.0,1054620870.0,,-12369.0,57.1178387168293,,15.0,86.0741183743925,21.84917073149832,,,,,,,,
Qatar,QAT,100.0,9.0,86.983,82149.4569875883,99.6528,105393.57807696667,-15.100483851565995,11490.0,51309933684.0,,-50433.0,83.3551879431043,9.75609756097561,0.0,99.1617913833034,0.595151824791335,,,,,,,,
Romania,ROU,100.0,10.0,49.38,32209.33715297938,78.4553,22649.518595317862,4.107047378478541,230080.0,70672643616.0,2.00415209230412,-13202.0,64.8847498479951,21.8844984802432,24.1,52.611947245178,14.1588337143858,6785.0,869.0,66925.0,863.0,-159.0,918.0,668.0,256.0
Russian Federation,RUS,99.9,11.0,57.939,31490.8046875,84.9947,23353.71763246803,0.8982460271952419,16376870.0,337491771871.0,4.14471713241985,334094.0,66.8593105362114,15.7777777777778,3.7,74.6932216791674,5.449764551816047,5495.0,887.0,64575.0,714.0,-76.0,823.0,621.0,0.19
Rwanda,RWA,45.2,6.0,55.248,2284.898897953281,23.8,2589.970386979608,6.711836801489184,24670.0,1634206796.0,1.47371574450349,-22251.0,57.3677254660379,61.25,81.7,24.5029761132966,42.49259115565225,,,,,,,,
Saudi Arabia,SAU,100.0,9.0,57.633,47518.48774851529,97.8623,96792.22267094432,-10.188471788076312,2149690.0,180848189773.0,8.7921741101353,-74725.0,71.9864782936657,19.8675496688742,0.1,83.8064352851942,2.508626611576984,6.56,0.89,64.2,884.0,-112.0,,702.0,251.0
Sudan,SDN,59.7,8.0,34.428,3348.57836914063,26.4383,5955.910049875995,115.65291501439005,1868000.0,10634069497.0,0.975842222955387,-65933.0,55.5761399455358,,62.6,34.5594433789246,40.977793682228,,,,,,,,
Senegal,SEN,64.3,11.0,48.976,3752.91947490817,53.3088,4877.532074447203,1.6027338304589875,192530.0,3775936441.0,1.4087264207736598,33848.0,56.1414662545808,43.030303030303,38.7,51.0562950093282,64.90422997442721,4757.0,621.0,59.7,797.0,-49.0,855.0,816.0,268.0
Singapore,SGP,100.0,6.0,65.895,101518.3179844398,92.0043,175315.6790621142,-2.3929024556623943,718.0,287798187630.0,2.80306272990798,-145556.0,76.2405295018345,29.4736842105263,0.9,100.0,9.68474174390962,,,,,,,,
Sierra Leone,SLE,26.3,9.0,51.428,2719.072868158068,17.1208,5049.273851320637,13.272082919496114,72180.0,321898712.0,0.486095493916065,1292.0,57.0479041038309,12.3287671232877,75.1,43.2129659123546,87.46363196157546,,,,,,,,
El Salvador,SLV,99.7,15.0,53.689,9392.689138179434,54.6014,10002.999529173543,0.653512318599752,20720.0,4805388699.0,1.37995002386364,-25213.0,65.9569342324021,33.3333333333333,23.7,73.0570220947266,34.91863749950319,5462.0,696.0,65.25,924.0,-129.0,583.0,811.0,329.0
"Somalia, Fed. Rep.",SOM,49.9,,27.163,1454.2671184885548,15.0237,,5.359185270963735,627340.0,501795400.0,1.1376518312471,77259.0,50.4301809531276,24.3636363636364,95.5,52.286318011754,46.6617912364141,,,,,,,,
Serbia,SRB,100.0,8.0,48.564,19793.46334175981,78.368,15099.90914950197,2.6493593974983014,84090.0,19490650970.0,2.29536613396667,-10220.0,64.1681331223259,38.8,26.0,61.223201751709,23.9035890568031,6042.0,852.0,67025.0,843.0,144.0,824.0,579.0,358.0
South Sudan,SSD,7.3,8.0,62.801,,9.27123,,,631930.0,782727556.0,1.86635872996114,62935.0,54.8803721131261,28.4595300261097,32.8,20.1914565476286,81.7321582386401,,,,,,,,
Suriname,SUR,98.4,6.0,47.928,16946.894236191354,69.8369,21209.11442195284,45.21775634924637,160507.61,1885633171.0,,-296.0,66.1833381919318,29.4117647058824,14.6,66.00830078125,19.39494984305581,,,,,,,,
Slovak Republic,SVK,100.0,10.0,54.948,35327.94391655885,89.9209,29322.120870313447,2.407779566085537,48080.0,86628968387.0,1.9041442947824,4350.0,67.3811945998033,22.6666666666667,17.6,53.2481998906526,12.474744110659662,6519.0,954.0,68725.0,762.0,-79.0,901.0,695.0,274.0
Slovenia,SVN,100.0,9.0,54.937,41767.25798999567,86.6013,48606.11523429821,1.189533182821151,20136.4,44823293985.0,1.0654982010929,28514.0,64.7403622350344,27.7777777777778,22.7,55.384391784668,11.54039213765832,6462.0,953.0,70875.0,958.0,-89.0,797.0,575.0,314.0
Sweden,SWE,100.0,10.0,58.834,57489.26571962186,94.5394,128251.89009424958,1.7987677495956262,407280.0,154612501354.0,1.15009466283262,37302.0,62.2041144475448,46.9914040114613,57.8,87.9424046895699,7.453040459031791,7314.0,936.0,72025.0,951.0,86.0,203.0,717.0,222.0
Eswatini,SWZ,80.0,7.0,33.171,9329.304533609393,49.013,29356.19008697955,5.165047565897666,17200.0,1754227890.0,1.85505471294042,-4242.0,61.4389935018795,9.58904109589041,63.7,24.6652798922192,31.09140935493738,,,,,,,,
Syrian Arab Republic,SYR,89.0,9.0,30.46,3737.6575183137593,,2521.1011319038867,61.58641428902629,183630.0,2631904672.0,,269050.0,60.8639526516372,11.2,1.1,73.4125031102512,39.51291764197032,,,,,,,,
Chad,TCD,10.9,10.0,58.368,2185.990341735372,8.34311,10312.337236278798,-1.1928093648179328,1259200.0,1677122436.0,2.21192688117357,36605.0,49.9863654933715,15.4320987654321,71.9,24.7341921795416,90.5674811443671,,,,,,,,
Togo,TGO,54.1,10.0,56.154,2384.0664545182667,29.0237,2979.248325239256,2.943178346240672,54390.0,982541885.0,2.16399918335325,-986.0,56.2246787540613,18.6813186813187,76.2,41.8781527268075,79.0328036929024,,,,,,,,
Thailand,THA,100.0,9.0,66.285,19163.74151523488,77.8437,16442.272733976573,-1.29877505741581,510890.0,228502958822.0,1.46077928107965,32277.0,70.9348809059768,15.7464212678937,20.9,57.2358779907227,48.0926725618564,5885.0,867.0,68375.0,0.84,272.0,918.0,0.77,326.0
Tajikistan,TJK,99.5,9.0,34.0,3653.959767591123,27.5441,15806.600541226786,1.655960104696149,138790.0,723434074.0,0.947973986993497,-3564.0,60.2954588429613,23.8095238095238,38.8,26.1925442328719,28.9916333364029,5373.0,0.79,62.15,,-51.0,0.55,652.0,344.0
Turkmenistan,TKM,100.0,12.0,39.682,15090.93949717776,,,-4.349741807576706,469930.0,6476626771.0,,19913.0,64.974966589505,25.0,0.1,47.0546961907259,29.41556397625496,,,,,,,,
Trinidad and Tobago,TTO,100.0,7.0,56.171,26731.35564100292,77.2813,48984.1453030018,-2.502735426963909,5130.0,5424924982.0,0.812607258583509,427.0,70.8098487296116,26.1904761904762,0.5,53.9377689584806,21.64144548511512,,,,,,,,
Tunisia,TUN,99.9,9.0,37.474,11918.066205482995,68.5564,8785.809081056697,6.762503962400814,155360.0,12996192822.0,2.71275567542328,-19188.0,66.6348757150563,24.8847926267281,12.9,69.1043166438476,18.66919205365778,4731.0,719.0,66.95,668.0,-204.0,877.0,519.0,439.0
Turkiye,TUR,100.0,12.0,42.848,29209.330886688283,77.6696,36468.08950149537,14.73390742422916,769630.0,168644943749.0,2.19555218691023,37934.0,68.2662379795384,17.3174872665535,13.7,88.9303114965222,25.87184292488375,4862.0,857.0,68575.0,0.51,-117.0,774.0,332.0,0.44
,,,,,,,,,,,,,,,,,,6751.0,901.0,,799.0,,711.0,743.0,83.0
Tanzania,TZA,39.9,7.0,81.353,3290.60986328125,17.7693,7946.684848577249,6.423013990386806,885800.0,6064839934.0,1.07713241782149,-18587.0,53.6083841322846,36.71875,80.8,33.8547246036273,84.9585748486221,3786.0,0.74,58.95,0.83,296.0,521.0,667.0,271.0
Uganda,UGA,42.1,7.0,75.029,2532.219501020688,7.4,8597.877816175525,2.72148444149991,200520.0,4091822072.0,2.46768517919382,43464.0,52.7143590674189,34.8583877995643,91.6,28.5399752271502,75.81785900371737,4641.0,0.8,58675.0,687.0,143.0,878.0,705.0,425.0
Ukraine,UKR,100.0,11.0,49.867,15541.02734375,75.0379,4499.339664096934,10.294960137876345,579400.0,49135993042.0,4.40031470276707,-4167.0,67.6202746084606,20.8037825059102,8.7,69.3839100516745,19.33835916756659,5.27,885.0,64425.0,784.0,123.0,946.0,629.0,285.0
Uruguay,URY,100.0,14.0,54.741,25725.258216941977,85.471,51537.96930419565,10.723425814044958,175020.0,5723346766.0,2.05692189335606,-1482.0,64.866512423771,21.2121212121212,61.2,95.3997650146484,24.90501444638284,6.31,921.0,67.5,908.0,-91.0,491.0,721.0,265.0
United States,USA,100.0,12.0,56.598,64401.50743542087,90.3447,,0.6787018294297695,9147420.0,1428610631667.0,3.64518757294704,329769.0,65.5352308319268,27.4647887323944,11.0,79.997451762548,3.956440394438449,7028.0,937.0,65975.0,0.85,29.0,678.0,722.0,295.0
Uzbekistan,UZB,100.0,12.0,52.579,8451.725051081145,71.1,9347.515393302634,10.610338224362366,440650.0,6736821484.0,,-9208.0,64.9556790474422,32.0,1.0,50.7670402526855,34.37921219752062,5842.0,0.85,65.0,928.0,193.0,642.0,678.0,279.0
"Venezuela, RB",VEN,99.9,17.0,44.55,,,,1890.3943422388447,882050.0,4614548588.0,1.57552271230291,-524649.0,63.9037019217797,22.1556886227545,31.2,89.1399056567545,36.44871790245538,4574.0,805.0,64225.0,612.0,,811.0,689.0,396.0
Viet Nam,VNM,99.8,10.0,72.803,11609.31772764233,70.3,7024.795609422368,1.4674781481081425,313429.0,277270837492.0,,-6457.0,68.0438111484831,26.7206477732794,18.9,35.5706676299742,53.1302143969625,5462.0,765.0,65.4,945.0,66.0,791.0,699.0,286.0
Kosovo,XKX,,,,10532.50546928494,,,1.381107172175149,,544264821.0,1.02303890223714,2815.0,68.6787041578334,,,45.2268625263391,,6294.0,792.0,,0.88,304.0,0.91,593.0,201.0
"Yemen, Rep.",YEM,73.9,9.0,26.651,,13.8152,,,527970.0,159884547.0,,-97982.0,56.1012870575808,0.332225913621262,3.5,35.7025604580302,45.9149186078608,,,,,,,,
South Africa,ZAF,90.0,9.0,35.779,12671.086243685098,72.1128,21125.73035584684,5.391394335057598,1213090.0,78102874535.0,0.956510732317856,369901.0,66.8913586802342,46.75,9.8,63.4373088310982,10.68208467111497,4947.0,891.0,56725.0,757.0,-27.0,912.0,761.0,294.0
Zambia,ZMB,44.6,7.0,57.2,3157.300093116429,24.5,15232.9144636704,13.913870617885763,743390.0,7815730587.0,1.16572196732911,8156.0,54.8573210219947,16.7664670658683,85.4,43.8644489410157,73.26570816228741,4838.0,767.0,54825.0,0.75,58.0,0.81,679.0,345.0
Zimbabwe,ZWE,52.7,7.0,59.093,4178.585579438281,29.2986,8504.31424897583,585.9728291178665,386850.0,4304841350.0,0.9749893113245208,-89440.0,54.2345267694812,31.8518518518519,84.1,37.0097671560802,68.46280798554524,3.16,717.0,53575.0,643.0,6.0,789.0,661.0,346.0
